{"loss": [0.6202940344810486, 0.5831673741340637, 0.5676310062408447, 0.5468276143074036, 0.5271501541137695, 0.5358858704566956, 0.5107817649841309, 0.49215179681777954, 0.4828696846961975, 0.4782329797744751], "accuracy": [0.6537153720855713, 0.6867186427116394, 0.704120397567749, 0.7224222421646118, 0.7347234487533569, 0.7284228205680847, 0.7432243227958679, 0.7584758400917053, 0.764726459980011, 0.770577073097229], "val_loss": [0.5893321633338928, 0.5675989985466003, 0.5241895318031311, 0.5067840814590454, 0.49437689781188965, 0.47880932688713074, 0.4746570885181427, 0.47105181217193604, 0.4569053649902344, 0.44680672883987427], "val_accuracy": [0.676800012588501, 0.7038000226020813, 0.7386000156402588, 0.7508000135421753, 0.7631999850273132, 0.7728000283241272, 0.7796000242233276, 0.7771999835968018, 0.7799999713897705, 0.7942000031471252]}